Datetime,Water Level (m)
2025-08-06 06:00:00,0.71970123
2025-08-06 07:00:00,1.039009
2025-08-06 08:00:00,1.2209452
2025-08-06 09:00:00,1.2824869
2025-08-06 10:00:00,1.1695993
2025-08-06 11:00:00,0.94950455
2025-08-06 12:00:00,0.7311639
2025-08-06 13:00:00,0.5185782
2025-08-06 14:00:00,0.32668048
2025-08-06 15:00:00,0.17039548
2025-08-06 16:00:00,0.064700484
2025-08-06 17:00:00,0.15937673
2025-08-06 18:00:00,0.47548398
2025-08-06 19:00:00,0.77504504
2025-08-06 20:00:00,1.0053949
2025-08-06 21:00:00,1.1134068
2025-08-06 22:00:00,1.0761249
2025-08-06 23:00:00,0.8958914
2025-08-07 00:00:00,0.683413
2025-08-07 01:00:00,0.47638607
2025-08-07 02:00:00,0.2957359
2025-08-07 03:00:00,0.1565972
2025-08-07 04:00:00,0.10092863
2025-08-07 05:00:00,0.39793903
2025-08-07 06:00:00,0.7824899
2025-08-07 07:00:00,1.1783526
2025-08-07 08:00:00,1.5028182
2025-08-07 09:00:00,1.7127476
2025-08-07 10:00:00,1.7151275
2025-08-07 11:00:00,1.4991118
2025-08-07 12:00:00,1.2401793
2025-08-07 13:00:00,0.98656386
2025-08-07 14:00:00,0.75225425
2025-08-07 15:00:00,0.5457949
2025-08-07 16:00:00,0.37788898
2025-08-07 17:00:00,0.26631865
2025-08-07 18:00:00,0.43634206
2025-08-07 19:00:00,0.8459603
2025-08-07 20:00:00,1.1725725
2025-08-07 21:00:00,1.3571688
2025-08-07 22:00:00,1.4252074
2025-08-07 23:00:00,1.3034519
2025-08-08 00:00:00,1.0714374
2025-08-08 01:00:00,0.82612616
2025-08-08 02:00:00,0.60695606
2025-08-08 03:00:00,0.4194263
2025-08-08 04:00:00,0.27280203
2025-08-08 05:00:00,0.2470035
2025-08-08 06:00:00,0.67294544
2025-08-08 07:00:00,1.1268083
2025-08-08 08:00:00,1.5368402
2025-08-08 09:00:00,1.8513533
2025-08-08 10:00:00,2.004841
2025-08-08 11:00:00,1.8840281
2025-08-08 12:00:00,1.6139545
2025-08-08 13:00:00,1.3334689
2025-08-08 14:00:00,1.06853
2025-08-08 15:00:00,0.83331716
2025-08-08 16:00:00,0.63072497
2025-08-08 17:00:00,0.47005913
2025-08-08 18:00:00,0.44153017
2025-08-08 19:00:00,0.87944704
2025-08-08 20:00:00,1.3049059
2025-08-08 21:00:00,1.5931495
2025-08-08 22:00:00,1.7622918
2025-08-08 23:00:00,1.7297626
2025-08-09 00:00:00,1.4996899
2025-08-09 01:00:00,1.2276565
2025-08-09 02:00:00,0.969085
2025-08-09 03:00:00,0.74248403
2025-08-09 04:00:00,0.54499525
2025-08-09 05:00:00,0.38651142
2025-08-09 06:00:00,0.39311525
2025-08-09 07:00:00,0.9237688
2025-08-09 08:00:00,1.4268501
2025-08-09 09:00:00,1.8072951
2025-08-09 10:00:00,2.0701523
2025-08-09 11:00:00,2.0765536
2025-08-09 12:00:00,1.8201308
2025-08-09 13:00:00,1.522428
2025-08-09 14:00:00,1.2327038
2025-08-09 15:00:00,0.97410685
2025-08-09 16:00:00,0.74607545
2025-08-09 17:00:00,0.5517432
2025-08-09 18:00:00,0.39729193
2025-08-09 19:00:00,0.49576804
2025-08-09 20:00:00,1.0344406
2025-08-09 21:00:00,1.4342654
2025-08-09 22:00:00,1.6728452
2025-08-09 23:00:00,1.773015
2025-08-10 00:00:00,1.629106
2025-08-10 01:00:00,1.3611044
2025-08-10 02:00:00,1.0830159
2025-08-10 03:00:00,0.8349554
2025-08-10 04:00:00,0.61839837
2025-08-10 05:00:00,0.43554184
2025-08-10 06:00:00,0.30038136
2025-08-10 07:00:00,0.5347898
2025-08-10 08:00:00,1.1525472
2025-08-10 09:00:00,1.6152321
2025-08-10 10:00:00,1.9623739
2025-08-10 11:00:00,2.1518934
2025-08-10 12:00:00,2.0119927
2025-08-10 13:00:00,1.7099501
2025-08-10 14:00:00,1.4083459
2025-08-10 15:00:00,1.1277747
2025-08-10 16:00:00,0.87953126
2025-08-10 17:00:00,0.66220284
2025-08-10 18:00:00,0.4781619
2025-08-10 19:00:00,0.37697268
2025-08-10 20:00:00,0.77964616
2025-08-10 21:00:00,1.3157303
2025-08-10 22:00:00,1.669127
2025-08-10 23:00:00,1.8680255
2025-08-11 00:00:00,1.8576212
2025-08-11 01:00:00,1.6160966
2025-08-11 02:00:00,1.3222569
2025-08-11 03:00:00,1.0444802
2025-08-11 04:00:00,0.8032287
2025-08-11 05:00:00,0.59346694
2025-08-11 06:00:00,0.41707885
2025-08-11 07:00:00,0.33619854
2025-08-11 08:00:00,0.8334308
2025-08-11 09:00:00,1.4053146
2025-08-11 10:00:00,1.8299197
2025-08-11 11:00:00,2.1298068
2025-08-11 12:00:00,2.178639
2025-08-11 13:00:00,1.9246871
2025-08-11 14:00:00,1.6147256
2025-08-11 15:00:00,1.3135717
2025-08-11 16:00:00,1.0449272
2025-08-11 17:00:00,0.80744624
2025-08-11 18:00:00,0.6027798
2025-08-11 19:00:00,0.4346361
2025-08-11 20:00:00,0.4930767
2025-08-11 21:00:00,1.1098869
2025-08-11 22:00:00,1.5670404
2025-08-11 23:00:00,1.861605
2025-08-12 00:00:00,2.0118787
2025-08-12 01:00:00,1.8719933
2025-08-12 02:00:00,1.5862234
2025-08-12 03:00:00,1.2892137
2025-08-12 04:00:00,1.0206463
2025-08-12 05:00:00,0.7873895
2025-08-12 06:00:00,0.5866172
